{
  "d=13": {
    "d": 13,
    "n_mubs": 14,
    "experiments": [
      {
        "r": 1,
        "n_per_basis": 1,
        "n_total": 14,
        "full_dprt": 3.409415638855337,
        "full_cs": 3.6636802355745863,
        "full_ratio": 0.9305985838364598,
        "k1_dprt": 0.20822973885979715,
        "k1_cs": 0.20656864761186194,
        "k1_ratio": 1.00804135219521,
        "k2_dprt": 0.23775634148562189,
        "k2_cs": 0.23862841588363806,
        "k2_ratio": 0.9963454712851908,
        "dprt_time_ms": 0.7495722665529078,
        "cs_time_ms": 0.722727935256747,
        "speedup": 0.9641871337908338
      },
      {
        "r": 2,
        "n_per_basis": 2,
        "n_total": 28,
        "full_dprt": 2.4025912380202774,
        "full_cs": 2.53031520127757,
        "full_ratio": 0.9495225088191368,
        "k1_dprt": 0.14944653743770128,
        "k1_cs": 0.1497095391222666,
        "k1_ratio": 0.9982432536623433,
        "k2_dprt": 0.2563938809227321,
        "k2_cs": 0.2561939446674117,
        "k2_ratio": 1.0007804097617528,
        "dprt_time_ms": 0.7176583361191055,
        "cs_time_ms": 1.3451637321850285,
        "speedup": 1.874379024786775
      },
      {
        "r": 4,
        "n_per_basis": 4,
        "n_total": 56,
        "full_dprt": 1.755764092892837,
        "full_cs": 1.791918355573172,
        "full_ratio": 0.9798237109587672,
        "k1_dprt": 0.10374468420198794,
        "k1_cs": 0.10881671170584863,
        "k1_ratio": 0.9533892595691432,
        "k2_dprt": 0.12235371568562951,
        "k2_cs": 0.16846094613035845,
        "k2_ratio": 0.7263031491640191,
        "dprt_time_ms": 0.7248443978217741,
        "cs_time_ms": 2.72315566544421,
        "speedup": 3.7568830960514425
      },
      {
        "r": 8,
        "n_per_basis": 8,
        "n_total": 112,
        "full_dprt": 1.2088729886072214,
        "full_cs": 1.2570943183569303,
        "full_ratio": 0.9616406429926945,
        "k1_dprt": 0.07230105953367909,
        "k1_cs": 0.08014034023051064,
        "k1_ratio": 0.9021805912692267,
        "k2_dprt": 0.09819182088151308,
        "k2_cs": 0.08436354322206438,
        "k2_ratio": 1.1639129549484364,
        "dprt_time_ms": 0.7295444015956795,
        "cs_time_ms": 5.410872131081608,
        "speedup": 7.416782473070591
      }
    ]
  },
  "d=17": {
    "d": 17,
    "n_mubs": 18,
    "experiments": [
      {
        "r": 1,
        "n_per_basis": 1,
        "n_total": 18,
        "full_dprt": 4.0269292079500785,
        "full_cs": 4.093700115107976,
        "full_ratio": 0.9836893506411287,
        "k1_dprt": 0.19335617680066408,
        "k1_cs": 0.1909715384036161,
        "k1_ratio": 1.0124868785002301,
        "k2_dprt": 0.19523355064449713,
        "k2_cs": 0.24541516396313562,
        "k2_ratio": 0.7955235833504715,
        "dprt_time_ms": 1.5936249314108863,
        "cs_time_ms": 1.4570389340709273,
        "speedup": 0.9142922561966729
      },
      {
        "r": 2,
        "n_per_basis": 2,
        "n_total": 36,
        "full_dprt": 2.7581827402052355,
        "full_cs": 2.90956111274972,
        "full_ratio": 0.9479720938387776,
        "k1_dprt": 0.12911105066328654,
        "k1_cs": 0.13953818316066285,
        "k1_ratio": 0.9252739840723695,
        "k2_dprt": 0.1562115232231639,
        "k2_cs": 0.1349666288428212,
        "k2_ratio": 1.157408498400623,
        "dprt_time_ms": 1.6042805344720061,
        "cs_time_ms": 2.948991867985266,
        "speedup": 1.8382021127968278
      },
      {
        "r": 4,
        "n_per_basis": 4,
        "n_total": 72,
        "full_dprt": 2.0232083984191176,
        "full_cs": 2.0690826841556866,
        "full_ratio": 0.9778286841372468,
        "k1_dprt": 0.09759731024039733,
        "k1_cs": 0.0977422723657688,
        "k1_ratio": 0.9985168942581057,
        "k2_dprt": 0.13427332729995797,
        "k2_cs": 0.09273752247234958,
        "k2_ratio": 1.4478856424053448,
        "dprt_time_ms": 1.5919637332748,
        "cs_time_ms": 5.867749932804145,
        "speedup": 3.6858565369034517
      },
      {
        "r": 8,
        "n_per_basis": 8,
        "n_total": 144,
        "full_dprt": 1.411599012880576,
        "full_cs": 1.4814081523296545,
        "full_ratio": 0.9528764983915493,
        "k1_dprt": 0.06514590531672473,
        "k1_cs": 0.07012979958949742,
        "k1_ratio": 0.9289332879610985,
        "k2_dprt": 0.10887352767928436,
        "k2_cs": 0.10599658742626704,
        "k2_ratio": 1.0271418195894144,
        "dprt_time_ms": 1.6117750657334302,
        "cs_time_ms": 11.639555536870224,
        "speedup": 7.221575630699872
      }
    ]
  },
  "d=19": {
    "d": 19,
    "n_mubs": 20,
    "experiments": [
      {
        "r": 1,
        "n_per_basis": 1,
        "n_total": 20,
        "full_dprt": 4.262481862532865,
        "full_cs": 4.30123960738042,
        "full_ratio": 0.9909891686152401,
        "k1_dprt": 0.1791384669028348,
        "k1_cs": 0.17907042501950723,
        "k1_ratio": 1.0003799727583165,
        "k2_dprt": 0.1981376863641489,
        "k2_cs": 0.2061845576229713,
        "k2_ratio": 0.9609724833343878,
        "dprt_time_ms": 2.114597199639926,
        "cs_time_ms": 1.9352582642265286,
        "speedup": 0.915190025105521
      },
      {
        "r": 2,
        "n_per_basis": 2,
        "n_total": 40,
        "full_dprt": 2.982820012843672,
        "full_cs": 3.0909291937728915,
        "full_ratio": 0.9650237277686528,
        "k1_dprt": 0.12558108087338785,
        "k1_cs": 0.13269930072928776,
        "k1_ratio": 0.9463582715449165,
        "k2_dprt": 0.12524469385101974,
        "k2_cs": 0.17323477389287487,
        "k2_ratio": 0.7229766347515696,
        "dprt_time_ms": 2.1050555330778784,
        "cs_time_ms": 3.866291397328799,
        "speedup": 1.8366695493661174
      },
      {
        "r": 4,
        "n_per_basis": 4,
        "n_total": 80,
        "full_dprt": 2.143519688813266,
        "full_cs": 2.155110948360521,
        "full_ratio": 0.994621502175527,
        "k1_dprt": 0.09461125171365918,
        "k1_cs": 0.0942130067635883,
        "k1_ratio": 1.0042270697407016,
        "k2_dprt": 0.10173530837650904,
        "k2_cs": 0.12225951513745273,
        "k2_ratio": 0.8321258943496632,
        "dprt_time_ms": 2.0900388655718416,
        "cs_time_ms": 7.640586201644813,
        "speedup": 3.6557148900455125
      },
      {
        "r": 8,
        "n_per_basis": 8,
        "n_total": 160,
        "full_dprt": 1.4822435851931606,
        "full_cs": 1.5109796097955903,
        "full_ratio": 0.9809818581163268,
        "k1_dprt": 0.06164061484057954,
        "k1_cs": 0.062285953083718974,
        "k1_ratio": 0.9896391046264953,
        "k2_dprt": 0.07732401530358857,
        "k2_cs": 0.03696209872382825,
        "k2_ratio": 2.0919811908229202,
        "dprt_time_ms": 2.1651415998348966,
        "cs_time_ms": 15.237547198194079,
        "speedup": 7.037667743927705
      }
    ]
  }
}