{
  "channels": [
    "Depolarizing",
    "Phase Damping"
  ],
  "dims": [
    3,
    5,
    7,
    11,
    13
  ],
  "noise_levels": [
    0.0,
    0.01,
    0.05,
    0.1,
    0.2
  ],
  "data": [
    [
      [
        0.47467585712638494,
        0.47066932236585257,
        0.48805277183085927,
        0.5075027445131671,
        0.5403977092428551
      ],
      [
        2.0247852726683115,
        2.014165779388624,
        2.092579484927732,
        2.253016384011228,
        1.435944307378497
      ],
      [
        1.0380037383550593,
        1.0380519008026097,
        1.4361150866425398,
        1.3709767911338342,
        1.495575339412956
      ],
      [
        1.2962030115819985,
        1.2674790821920905,
        1.9205772546704503,
        1.4624458168171444,
        1.9399659562398504
      ],
      [
        0.6441044636083046,
        0.6675705795540153,
        0.7540738417946009,
        0.49623265705143804,
        0.47881205966034956
      ]
    ],
    [
      [
        0.47467585712638494,
        0.47066932236585257,
        0.48805277183085927,
        0.5075027445131671,
        0.5403977092428551
      ],
      [
        2.0247852726683115,
        2.014165779388624,
        2.092579484927732,
        2.253016384011228,
        1.435944307378497
      ],
      [
        1.0380037383550593,
        1.0380519008026097,
        1.4361150866425398,
        1.3709767911338342,
        1.495575339412956
      ],
      [
        1.2962030115819985,
        1.2674790821920905,
        1.9205772546704503,
        1.4624458168171444,
        1.9399659562398504
      ],
      [
        0.6441044636083046,
        0.6675705795540153,
        0.7540738417946009,
        0.49623265705143804,
        0.47881205966034956
      ]
    ]
  ]
}